"sum_purch","number_of_users","number_of_purchase_users","month"
"673410.9099999998","155","139","2022/12"
"1082603.9000000022","298","244","2023/01"
"1022323.6999999995","318","247","2023/02"
"1200971.6100000003","300","248","2023/03"
"398161.2499999999","151","124","2023/04"
