"cumulative_revenue","month","sum_purch"
"673410.9099999998","2022/12","673410.9099999998"
"1756014.810000002","2023/01","1082603.9000000022"
"2778338.5100000016","2023/02","1022323.6999999995"
"3979310.120000002","2023/03","1200971.6100000003"
"4377471.370000002","2023/04","398161.2499999999"
